price,volume,side
92928.4,3.845,bid
92928.0,0.103,bid
92927.9,0.001,bid
92925.6,0.004,bid
92924.4,0.009,bid
92923.7,0.001,bid
92923.3,0.001,bid
92923.0,0.173,bid
92922.9,0.531,bid
92920.8,0.043,bid
92920.5,0.001,bid
92919.1,0.002,bid
92919.0,0.001,bid
92918.8,1.952,bid
92918.6,1.133,bid
92918.5,0.056,bid
92918.4,0.006,bid
92917.7,0.001,bid
92916.3,0.001,bid
92916.1,1.085,bid
92916.0,2.679,bid
92915.8,0.001,bid
92914.4,0.054,bid
92914.3,0.023,bid
92914.2,0.009,bid
92914.1,0.011,bid
92914.0,0.82,bid
92913.9,0.766,bid
92913.7,0.011,bid
92913.3,0.011,bid
92913.0,0.001,bid
92912.7,0.1,bid
92912.6,0.054,bid
92912.5,0.011,bid
92912.1,0.001,bid
92911.6,0.054,bid
92911.5,0.064,bid
92911.3,0.086,bid
92911.2,0.064,bid
92911.1,0.103,bid
92911.0,0.148,bid
92910.9,0.182,bid
92910.8,0.102,bid
92910.7,0.032,bid
92910.6,0.627,bid
92910.5,0.054,bid
92910.4,0.016,bid
92910.2,0.017,bid
92910.0,0.111,bid
92909.9,0.016,bid
92909.8,0.124,bid
92909.7,0.016,bid
92909.6,0.001,bid
92909.5,0.016,bid
92909.4,0.097,bid
92909.3,0.131,bid
92909.2,1.011,bid
92909.1,1.196,bid
92909.0,0.231,bid
92908.9,0.096,bid
92908.8,0.112,bid
92908.7,0.16,bid
92908.6,0.051,bid
92908.5,0.032,bid
92908.4,0.01,bid
92908.3,0.082,bid
92908.2,0.01,bid
92908.0,0.097,bid
92907.7,0.054,bid
92907.6,0.011,bid
92907.4,0.055,bid
92907.3,0.499,bid
92907.2,0.054,bid
92907.0,0.001,bid
92906.7,0.054,bid
92906.5,0.021,bid
92906.4,0.108,bid
92906.3,1.183,bid
92905.7,0.141,bid
92905.6,0.054,bid
92905.4,0.054,bid
92905.3,0.144,bid
92905.2,0.144,bid
92905.1,0.055,bid
92905.0,0.147,bid
92904.9,0.001,bid
92904.6,0.064,bid
92904.5,0.865,bid
92904.4,1.703,bid
92904.3,1.39,bid
92904.2,0.753,bid
92904.0,0.361,bid
92903.4,0.016,bid
92903.1,0.011,bid
92903.0,0.001,bid
92902.9,0.022,bid
92902.8,0.147,bid
92902.6,0.456,bid
92902.5,0.021,bid
92901.9,0.001,bid
92901.7,0.004,bid
92901.6,0.218,bid
92901.5,0.062,bid
92901.2,0.021,bid
92901.0,0.024,bid
92900.9,0.1,bid
92900.7,1.075,bid
92900.6,0.001,bid
92900.5,0.025,bid
92900.3,0.161,bid
92900.2,0.212,bid
92900.1,25.545,bid
92900.0,86.811,bid
92899.9,0.024,bid
92899.8,0.002,bid
92899.7,0.011,bid
92899.4,0.043,bid
92899.3,0.079,bid
92899.1,0.001,bid
92899.0,0.01,bid
92898.7,0.608,bid
92898.6,0.789,bid
92898.5,0.108,bid
92898.4,0.001,bid
92898.2,0.001,bid
92898.0,0.3,bid
92897.9,0.446,bid
92897.7,0.003,bid
92897.5,0.001,bid
92897.4,0.001,bid
92897.3,0.001,bid
92897.2,0.053,bid
92897.1,0.002,bid
92897.0,0.015,bid
92896.9,0.03,bid
92896.8,0.001,bid
92896.7,2.838,bid
92896.6,0.147,bid
92896.5,0.04,bid
92896.3,0.147,bid
92896.2,0.147,bid
92896.1,0.012,bid
92896.0,0.02,bid
92895.9,0.006,bid
92895.8,0.003,bid
92895.5,0.067,bid
92895.4,0.196,bid
92895.2,0.043,bid
92895.0,0.982,bid
92894.8,0.218,bid
92894.7,0.008,bid
92894.2,0.01,bid
92894.0,0.461,bid
92893.9,0.768,bid
92893.8,0.108,bid
92893.7,0.001,bid
92893.2,0.445,bid
92893.0,0.147,bid
92892.9,0.002,bid
92892.8,0.202,bid
92892.7,0.064,bid
92892.5,0.001,bid
92892.4,0.105,bid
92892.3,0.05,bid
92892.1,0.041,bid
92892.0,0.042,bid
92891.9,0.073,bid
92891.8,0.036,bid
92891.7,0.073,bid
92891.5,0.18,bid
92891.4,0.003,bid
92891.3,0.431,bid
92891.0,0.02,bid
92890.9,0.01,bid
92890.8,0.056,bid
92890.7,0.08,bid
92890.5,0.003,bid
92890.4,0.009,bid
92890.3,1.267,bid
92890.1,0.001,bid
92890.0,0.139,bid
92889.5,0.358,bid
92889.4,0.001,bid
92889.3,0.466,bid
92889.2,0.163,bid
92889.1,0.108,bid
92889.0,0.04,bid
92888.8,0.2,bid
92888.7,0.001,bid
92888.6,0.055,bid
92888.5,0.445,bid
92888.4,0.006,bid
92888.3,0.005,bid
92888.0,0.085,bid
92887.9,0.162,bid
92887.7,0.01,bid
92887.6,0.765,bid
92887.5,0.019,bid
92887.4,0.022,bid
92887.3,0.002,bid
92928.5,2.972,ask
92929.8,0.011,ask
92930.6,0.001,ask
92931.0,0.009,ask
92931.5,0.001,ask
92931.9,0.042,ask
92932.0,0.106,ask
92932.5,0.001,ask
92932.7,0.028,ask
92933.0,0.001,ask
92933.1,0.001,ask
92933.4,0.001,ask
92933.6,0.043,ask
92933.7,0.119,ask
92933.8,0.103,ask
92934.0,0.065,ask
92934.3,0.001,ask
92934.9,0.095,ask
92935.3,0.001,ask
92936.0,0.106,ask
92936.2,0.001,ask
92936.3,0.011,ask
92936.6,0.01,ask
92937.1,0.001,ask
92937.2,0.006,ask
92937.3,0.003,ask
92937.6,0.004,ask
92937.8,0.003,ask
92938.1,0.196,ask
92938.2,0.196,ask
92938.3,1.075,ask
92938.4,1.517,ask
92938.7,0.018,ask
92938.8,0.054,ask
92939.0,0.001,ask
92939.1,0.016,ask
92939.2,0.02,ask
92939.3,0.037,ask
92939.4,0.147,ask
92939.5,0.155,ask
92939.6,0.183,ask
92939.7,0.001,ask
92939.8,0.352,ask
92939.9,0.177,ask
92940.0,0.873,ask
92940.1,0.096,ask
92940.3,0.176,ask
92940.4,0.08,ask
92940.5,0.123,ask
92940.8,0.033,ask
92940.9,0.016,ask
92941.0,0.032,ask
92941.1,0.004,ask
92941.2,0.001,ask
92941.3,0.227,ask
92941.4,0.182,ask
92941.5,0.395,ask
92941.6,0.136,ask
92941.8,0.284,ask
92941.9,0.12,ask
92942.0,0.086,ask
92942.1,0.096,ask
92942.3,0.107,ask
92942.4,0.253,ask
92942.5,2.087,ask
92942.6,0.13,ask
92942.7,0.057,ask
92942.8,0.108,ask
92942.9,0.054,ask
92943.0,0.005,ask
92943.6,0.355,ask
92943.7,0.108,ask
92943.8,0.186,ask
92943.9,0.016,ask
92944.0,0.07,ask
92944.1,0.005,ask
92944.2,0.022,ask
92944.3,0.123,ask
92944.4,1.139,ask
92944.5,0.16,ask
92944.6,0.199,ask
92944.7,0.043,ask
92944.8,0.31,ask
92944.9,0.128,ask
92945.0,0.08,ask
92945.1,0.217,ask
92945.2,0.05,ask
92945.3,0.278,ask
92945.4,0.016,ask
92945.5,0.081,ask
92945.6,0.051,ask
92945.8,0.048,ask
92945.9,0.256,ask
92946.0,0.016,ask
92946.1,0.032,ask
92946.2,0.237,ask
92946.3,0.227,ask
92946.4,0.192,ask
92946.6,0.064,ask
92946.7,0.054,ask
92946.8,0.318,ask
92946.9,0.07,ask
92947.0,0.086,ask
92947.1,0.087,ask
92947.2,2.307,ask
92947.3,0.851,ask
92947.4,0.201,ask
92947.6,0.001,ask
92947.7,0.054,ask
92947.9,0.111,ask
92948.0,0.056,ask
92948.1,0.147,ask
92948.2,0.807,ask
92948.3,0.001,ask
92948.5,0.098,ask
92948.6,0.201,ask
92948.7,0.665,ask
92948.8,0.054,ask
92948.9,0.055,ask
92949.0,0.202,ask
92949.1,0.312,ask
92949.2,0.087,ask
92949.7,0.21,ask
92949.9,0.054,ask
92950.0,2.159,ask
92950.1,1.329,ask
92950.2,1.392,ask
92950.3,0.082,ask
92950.5,0.146,ask
92950.8,0.059,ask
92951.8,0.001,ask
92951.9,0.148,ask
92952.0,0.796,ask
92952.3,0.147,ask
92952.5,0.147,ask
92952.6,0.108,ask
92952.7,1.075,ask
92952.8,0.043,ask
92953.1,0.211,ask
92953.2,0.32,ask
92953.3,0.38,ask
92953.4,0.011,ask
92953.5,0.015,ask
92953.6,0.002,ask
92953.9,0.001,ask
92954.1,0.445,ask
92955.0,0.131,ask
92955.1,0.379,ask
92955.7,1.103,ask
92955.9,0.009,ask
92956.1,0.419,ask
92956.3,0.683,ask
92956.4,0.003,ask
92956.5,0.004,ask
92956.6,1.313,ask
92956.7,0.001,ask
92957.3,0.11,ask
92957.6,0.001,ask
92957.8,0.001,ask
92958.0,0.808,ask
92958.3,0.001,ask
92958.4,0.065,ask
92958.5,0.054,ask
92958.8,0.447,ask
92959.1,0.005,ask
92959.2,0.043,ask
92959.4,0.347,ask
92959.5,0.001,ask
92959.7,0.055,ask
92960.0,0.001,ask
92960.2,0.011,ask
92960.3,0.447,ask
92960.4,0.004,ask
92960.8,0.131,ask
92961.0,0.087,ask
92961.2,0.107,ask
92961.3,1.098,ask
92961.4,1.456,ask
92961.9,0.199,ask
92962.0,0.108,ask
92962.1,0.01,ask
92962.7,1.015,ask
92962.8,0.108,ask
92962.9,0.001,ask
92963.2,0.001,ask
92963.3,0.213,ask
92963.5,0.447,ask
92963.6,0.401,ask
92963.8,0.005,ask
92963.9,0.006,ask
92964.1,0.143,ask
92964.3,0.162,ask
92964.8,1.208,ask
92964.9,0.162,ask
92965.0,0.574,ask
92965.1,1.612,ask
92965.2,0.068,ask
92965.3,0.142,ask
92965.4,0.23,ask
92965.6,0.63,ask
